{
  "cuisine": {
    "precision": 0.9473684210526315,
    "recall": 0.782608695652174,
    "f1-score": 0.8571428571428571,
    "support": 46,
    "confused_with": {}
  },
  "location": {
    "precision": 0.9,
    "recall": 0.782608695652174,
    "f1-score": 0.8372093023255814,
    "support": 46,
    "confused_with": {
      "cuisine": 1
    }
  },
  "micro avg": {
    "precision": 0.9230769230769231,
    "recall": 0.782608695652174,
    "f1-score": 0.8470588235294118,
    "support": 92
  },
  "macro avg": {
    "precision": 0.9236842105263158,
    "recall": 0.782608695652174,
    "f1-score": 0.8471760797342193,
    "support": 92
  },
  "weighted avg": {
    "precision": 0.9236842105263158,
    "recall": 0.782608695652174,
    "f1-score": 0.8471760797342193,
    "support": 92
  }
}